busstop_id,busstop_name,stop_lat,stop_lon
210022,ΠΑΠΑΓΟΥ,37.943356687,23.759732289
210023,ΑΓ.ΜΑΡΙΝΑΣ,37.944751141,23.758487192
210024,ΓΕΦΥΡΑΚΙ,37.946607907,23.758538023
210025,ΠΛ.ΑΝΕΞΑΡΤΗΣΙΑΣ,37.946602317,23.755829234